item_id,container_id,x_cm,y_cm,z_cm
1906,EA01,0.0,0.0,0.0
79,EB01,0.0,0.0,0.0
890,PB05,0.0,0.0,0.0
851,C01,0.0,0.0,0.0
1924,ES03,0.0,0.0,0.0
490,TA01,0.0,0.0,0.0
278,L04,0.0,0.0,0.0
1771,TA01,0.0,0.0,42.8
343,LS05,0.0,0.0,0.0
1701,A03,0.0,0.0,0.0
1003,CQ02,0.0,0.0,0.0
401,EB02,0.0,0.0,0.0
183,ES03,0.0,0.0,48.2
210,L04,0.0,0.0,40.5
1129,TA01,0.0,0.0,90.8
219,L04,0.0,0.0,55.4
185,CQ04,0.0,0.0,0.0
340,LS05,0.0,0.0,11.0
1394,TA01,0.0,0.0,103.2
775,ES03,0.0,0.0,95.6
1556,A03,0.0,0.0,32.7
1175,L04,0.0,0.0,86.1
1524,CQ03,0.0,0.0,0.0
870,C03,0.0,0.0,0.0
920,C01,0.0,0.0,11.3
81,EA03,0.0,0.0,0.0
1317,A03,0.0,0.0,55.800000000000004
1569,CQ03,0.0,0.0,11.0
409,LS05,0.0,0.0,58.0
1599,TA01,0.0,0.0,131.0
1596,CC02,0.0,0.0,0.0
923,EB02,0.0,0.0,18.3
1570,G01,0.0,0.0,0.0
1610,EA01,0.0,0.0,17.8
928,TA01,0.0,0.0,160.1
1116,TA01,0.0,0.0,173.2
767,CQ02,0.0,0.0,11.6
1342,TA01,24.7,0.0,0.0
817,CQ03,0.0,0.0,42.5
68,G02,0.0,0.0,0.0
214,TA01,24.7,0.0,16.8
361,PB05,0.0,0.0,43.4
671,TA01,24.7,0.0,31.9
1460,CQ02,0.0,0.0,25.4
1470,EB01,41.9,0.0,0.0
223,EB01,41.9,0.0,21.2
1220,L04,0.0,0.0,126.19999999999999
326,EA03,0.0,0.0,12.1
146,L04,0.0,0.0,152.7
678,EB02,0.0,0.0,53.3
156,ES03,0.0,0.0,97.1
1267,L04,33.3,0.0,0.0
417,MB02,0.0,0.0,0.0
1398,TA01,24.7,0.0,61.3
375,L04,33.3,0.0,10.7
966,EB02,0.0,0.0,78.3
36,CQ02,0.0,0.0,57.9
841,TA01,24.7,0.0,105.9
18,EB02,0.0,0.0,102.6
1409,L04,33.3,0.0,54.099999999999994
891,TA01,24.7,0.0,117.30000000000001
899,CQ03,0.0,0.0,65.6
1632,NA03,0.0,0.0,0.0
88,L04,33.3,0.0,81.69999999999999
1940,EB02,0.0,0.0,125.3
1760,TA01,24.7,0.0,133.3
1245,TA01,24.7,0.0,145.5
1126,MB04,0.0,0.0,0.0
1078,ES03,0.0,0.0,108.89999999999999
1651,L04,33.3,0.0,110.6
1104,MB02,0.0,0.0,24.2
1877,CC02,0.0,0.0,24.9
444,CQ04,0.0,0.0,26.6
1056,TA01,24.7,0.0,172.6
693,CQ04,0.0,0.0,53.8
1787,TA02,0.0,0.0,0.0
241,L04,33.3,0.0,151.1
1996,TA01,52.8,0.0,0.0
1733,TA01,52.8,0.0,34.3
1759,A03,0.0,0.0,81.80000000000001
392,A03,0.0,0.0,129.3
1677,CC02,0.0,0.0,45.099999999999994
1183,TA01,52.8,0.0,64.4
1350,EB01,41.9,0.0,31.5
606,CQ03,0.0,0.0,95.5
1156,A03,0.0,0.0,164.20000000000002
1894,EA01,0.0,0.0,28.700000000000003
1485,EA03,0.0,0.0,30.1
165,CQ03,0.0,0.0,129.1
1212,CC02,0.0,0.0,90.1
512,CQ04,0.0,0.0,98.3
347,TA01,52.8,0.0,104.9
456,LS05,0.0,0.0,89.5
1082,TA01,52.8,0.0,123.0
291,EA03,0.0,0.0,57.7
215,MB04,0.0,0.0,21.5
796,TA01,52.8,0.0,134.1
1768,L04,51.3,0.0,0.0
1742,EA03,0.0,0.0,92.4
1035,CC02,0.0,0.0,103.39999999999999
1989,EB02,0.0,18.4,0.0
259,L04,51.3,0.0,12.0
197,CQ03,17.8,0.0,0.0
388,TA01,52.8,0.0,155.79999999999998
152,TA01,52.8,0.0,169.89999999999998
192,EB01,65.3,0.0,0.0
965,CQ02,0.0,0.0,107.3
1101,A03,0.0,0.0,237.8
60,ES03,0.0,0.0,110.19999999999999
98,C03,0.0,0.0,26.0
1549,A03,0.0,0.0,294.6
589,TA01,65.1,0.0,0.0
1322,TA02,0.0,0.0,38.6
1999,CQ04,0.0,0.0,131.2
1028,TA01,65.1,0.0,25.9
1761,MB02,0.0,0.0,66.5
988,TA01,65.1,0.0,55.3
1961,LS05,0.0,0.0,121.0
1239,TA02,0.0,0.0,73.4
984,MB04,0.0,0.0,53.6
11,TA01,65.1,0.0,82.19999999999999
287,TA01,65.1,0.0,125.89999999999999
1993,PB05,0.0,0.0,84.3
1783,L04,51.3,0.0,38.6
198,PB05,0.0,0.0,88.3
1845,CQ02,0.0,0.0,128.6
1264,TA01,65.1,0.0,154.7
202,C01,0.0,0.0,51.0
1667,TA01,65.1,0.0,171.5
1275,CQ03,17.8,0.0,41.1
84,CQ03,17.8,0.0,62.8
1304,NA03,0.0,0.0,44.6
633,L04,51.3,0.0,70.9
67,C01,0.0,0.0,97.7
1146,ES03,0.0,0.0,121.49999999999999
835,L04,51.3,0.0,117.5
70,EB01,65.3,0.0,22.7
52,TA02,0.0,0.0,119.30000000000001
590,TA02,0.0,0.0,157.70000000000002
739,CQ03,17.8,0.0,78.39999999999999
1396,TA01,76.1,0.0,0.0
963,TA02,49.5,0.0,0.0
1834,ES03,0.0,0.0,123.79999999999998
713,A03,0.0,0.0,342.90000000000003
313,EB02,0.0,18.4,45.0
466,NA03,0.0,0.0,86.5
1986,L04,51.3,0.0,146.2
1962,C01,0.0,0.0,143.6
957,SB04,0.0,0.0,0.0
150,L04,89.5,0.0,0.0
5,ES03,0.0,0.0,125.99999999999999
26,MB04,0.0,0.0,92.30000000000001
942,PB05,0.0,0.0,136.9
498,L04,89.5,0.0,16.6
1930,ES03,0.0,0.0,144.2
483,L04,89.5,0.0,42.7
570,CC02,0.0,0.0,115.8
1353,EB02,0.0,18.4,59.4
35,ES03,19.1,0.0,0.0
1520,L04,89.5,0.0,62.1
135,TA02,49.5,0.0,16.6
1052,PB05,47.5,0.0,0.0
1859,C03,0.0,0.0,46.0
1261,EB02,0.0,18.4,77.0
1072,MB02,0.0,0.0,88.8
1139,CQ03,17.8,0.0,94.6
836,EA01,0.0,0.0,68.4
1939,ES03,19.1,0.0,27.3
1544,CQ03,17.8,0.0,127.8
547,L04,89.5,0.0,90.3
1361,L04,89.5,0.0,101.89999999999999
1616,EB01,65.3,0.0,33.3
59,TA02,49.5,0.0,62.4
493,TA01,76.1,0.0,12.9
755,CQ02,22.9,0.0,0.0
510,CQ02,22.9,0.0,19.4
1543,CC02,0.0,0.0,145.9
8,LS05,31.5,0.0,0.0
1997,LS05,31.5,0.0,36.7
1463,EB01,0.0,40.3,0.0
16,EB01,17.8,40.3,0.0
1486,L04,89.5,0.0,127.79999999999998
141,TA01,76.1,0.0,32.0
776,A01,0.0,0.0,0.0
1698,L04,89.5,0.0,163.79999999999998
1720,CQ02,22.9,0.0,46.8
1865,TA02,49.5,0.0,105.1
1032,CQ04,49.1,0.0,0.0
1148,CQ02,22.9,0.0,74.9
1083,TA01,76.1,0.0,54.2
188,TA02,49.5,0.0,130.4
186,TA01,76.1,0.0,88.0
951,L04,116.1,0.0,0.0
397,CQ04,49.1,0.0,14.8
784,CQ04,49.1,0.0,43.6
1446,CQ04,49.1,0.0,58.2
664,TA01,76.1,0.0,107.3
1851,L04,116.1,0.0,28.1
1041,MB02,0.0,0.0,132.6
177,C03,0.0,0.0,83.9
211,CC02,0.0,0.0,170.70000000000002
1213,L04,116.1,0.0,45.3
815,EB01,17.8,40.3,14.4
1438,NA03,0.0,0.0,102.1
2,MB04,0.0,0.0,117.9
612,L04,116.1,0.0,72.8
1808,C03,0.0,0.0,131.0
244,L04,116.1,0.0,102.19999999999999
1927,TA01,76.1,0.0,131.5
1468,EA01,0.0,0.0,96.0
569,LS05,31.5,0.0,84.30000000000001
224,EA03,0.0,0.0,123.5
1734,EB02,0.0,18.4,100.6
333,CQ03,45.3,0.0,0.0
1737,TA02,49.5,0.0,143.20000000000002
189,TA02,0.0,45.1,0.0
158,CQ02,0.0,26.3,0.0
1902,G03,0.0,0.0,0.0
528,TA01,76.1,0.0,154.9
1503,EA03,21.3,0.0,0.0
1354,L04,116.1,0.0,129.29999999999998
396,MB02,47.8,0.0,0.0
662,PB05,47.5,0.0,34.5
497,EB02,0.0,18.4,146.0
470,LS05,31.5,0.0,100.10000000000001
1151,LS05,31.5,0.0,115.10000000000001
1820,EA01,17.3,0.0,0.0
1658,MB02,47.8,0.0,46.0
1158,ES03,19.1,0.0,41.5
549,TA01,76.1,0.0,167.0
1108,ES03,19.1,0.0,87.9
771,CQ03,45.3,0.0,17.5
1965,CQ03,45.3,0.0,39.3
696,CQ02,0.0,26.3,36.4
794,TA01,0.0,36.2,0.0
856,ES03,19.1,0.0,104.80000000000001
777,EB01,58.2,40.3,0.0
411,CC02,30.8,0.0,0.0
1071,TA01,0.0,36.2,32.2
209,EB01,58.2,40.3,11.4
23,A03,0.0,0.0,364.6
839,L04,116.1,0.0,163.0
1491,MB02,47.8,0.0,75.2
743,TA01,0.0,36.2,55.5
1891,CQ04,49.1,0.0,92.80000000000001
159,EB01,58.2,40.3,27.4
1960,MB04,49.9,0.0,0.0
45,A03,41.7,0.0,0.0
631,MB04,49.9,0.0,22.8
897,C01,49.4,0.0,0.0
959,EA03,21.3,0.0,27.7
433,TA01,0.0,36.2,99.9
792,PB05,47.5,0.0,64.6
1824,CQ02,0.0,26.3,114.19999999999999
1464,G01,0.0,0.0,16.5
1774,SB04,0.0,0.0,24.8
653,G02,0.0,0.0,13.6
658,A03,41.7,0.0,22.7
986,L04,129.4,0.0,0.0
57,EB01,0.0,66.4,0.0
1778,NA03,0.0,0.0,127.69999999999999
798,A03,41.7,0.0,59.900000000000006
1118,LS05,31.5,0.0,152.5
1509,TA01,0.0,36.2,141.9
55,EA01,17.3,0.0,42.4
574,CQ04,49.1,0.0,108.50000000000001
1773,CQ03,45.3,0.0,68.1
1541,CQ04,49.1,0.0,129.70000000000002
526,NA03,0.0,0.0,144.6
377,A03,41.7,0.0,78.0
1686,L04,129.4,0.0,10.1
529,CQ03,45.3,0.0,81.39999999999999
703,PB05,47.5,0.0,68.1
1857,LS05,49.8,0.0,0.0
447,C01,49.4,0.0,42.7
1402,CQ04,49.1,0.0,147.8
1838,A03,41.7,0.0,170.9
864,EA03,21.3,0.0,38.6
200,NA03,0.0,0.0,185.3
322,PB05,47.5,0.0,70.6
655,L04,129.4,0.0,58.9
791,TA01,0.0,36.2,162.70000000000002
1800,TA02,0.0,45.1,20.6
1209,CQ04,0.0,31.5,0.0
472,L04,129.4,0.0,70.7
1649,TA02,0.0,45.1,45.2
509,EB02,0.0,18.4,167.4
1412,CQ02,0.0,26.3,147.89999999999998
770,L04,129.4,0.0,85.4
255,NA03,0.0,0.0,212.70000000000002
1122,PB05,47.5,0.0,71.89999999999999
1903,NA03,0.0,0.0,236.8
1386,CQ03,45.3,0.0,113.6
1573,L04,129.4,0.0,101.60000000000001
659,NA03,0.0,0.0,258.5
1069,C03,0.0,0.0,159.8
25,CQ04,0.0,31.5,72.3
402,LS05,49.8,0.0,31.5
1136,L04,129.4,0.0,120.30000000000001
1113,TA02,0.0,45.1,70.4
729,ES02,0.0,0.0,0.0
1954,MB04,49.9,0.0,60.400000000000006
1991,CQ02,0.0,71.7,0.0
814,TA02,0.0,45.1,93.10000000000001
1915,CQ03,45.3,0.0,131.29999999999998
1601,CQ04,0.0,31.5,93.1
1724,TA02,0.0,45.1,121.20000000000002
502,TA03,0.0,0.0,0.0
38,CQ04,0.0,31.5,107.8
1646,C01,49.4,0.0,88.6
902,NA03,0.0,0.0,289.6
220,TA01,0.0,36.2,180.3
451,NA03,0.0,0.0,319.0
426,CQ03,57.4,0.0,0.0
1390,NA03,0.0,0.0,347.9
1602,NA03,44.5,0.0,0.0
1836,A03,41.7,0.0,215.60000000000002
1988,PB05,47.5,0.0,89.5
621,CQ02,0.0,71.7,50.8
819,L04,129.4,0.0,142.0
1001,EA01,17.3,0.0,52.5
346,L04,0.0,30.2,0.0
232,CC02,30.8,0.0,42.1
163,A03,41.7,0.0,230.3
264,L04,0.0,30.2,33.3
1050,NA03,44.5,0.0,46.9
1530,C01,49.4,0.0,122.5
1527,ES03,19.1,0.0,131.10000000000002
1131,CQ03,57.4,0.0,23.7
286,CQ04,0.0,31.5,134.2
553,TA01,16.3,36.2,0.0
690,A03,41.7,0.0,246.20000000000002
482,C03,0.0,0.0,175.4
1967,CC02,30.8,0.0,56.2
1816,TA01,16.3,36.2,47.3
463,L04,0.0,30.2,74.69999999999999
484,NA03,44.5,0.0,64.7
1168,TA01,16.3,36.2,76.4
1408,L04,0.0,30.2,88.69999999999999
1917,EB01,18.6,66.4,0.0
1057,A03,41.7,0.0,273.0
1064,C03,28.3,0.0,0.0
1243,TA01,16.3,36.2,102.30000000000001
1,TA01,16.3,36.2,128.10000000000002
54,C03,28.3,0.0,28.5
1735,CQ02,0.0,71.7,91.6
961,EB02,0.0,55.8,0.0
749,EA01,17.3,0.0,100.3
1746,NA03,44.5,0.0,102.4
126,A03,41.7,0.0,288.1
674,L04,0.0,30.2,130.89999999999998
552,TA01,16.3,36.2,147.50000000000003
282,CQ04,0.0,31.5,148.79999999999998
1925,NA03,44.5,0.0,126.0
50,TA01,16.3,36.2,165.20000000000002
561,TA01,30.1,36.2,0.0
1763,L04,0.0,30.2,155.59999999999997
412,C03,28.3,0.0,66.2
481,CC02,30.8,0.0,103.30000000000001
1490,LS05,49.8,0.0,76.9
1301,L04,19.5,30.2,0.0
918,EA03,21.3,0.0,54.5
145,L04,19.5,30.2,12.9
785,LS05,49.8,0.0,115.5
637,C03,28.3,0.0,92.2
1805,C03,28.3,0.0,124.5
595,CQ03,57.4,0.0,58.3
314,TA01,30.1,36.2,24.8
630,TA01,30.1,36.2,53.8
1381,A03,41.7,0.0,336.90000000000003
759,MB02,47.8,0.0,122.30000000000001
1752,CQ02,0.0,99.30000000000001,0.0
1532,C03,28.3,0.0,145.4
1795,ES03,51.300000000000004,0.0,0.0
618,C03,0.0,17.8,0.0
229,A03,41.7,0.0,348.00000000000006
194,EB02,0.0,55.8,11.4
1713,NA03,44.5,0.0,148.4
701,L04,19.5,30.2,36.3
1811,A03,62.300000000000004,0.0,0.0
838,L04,19.5,30.2,65.8
1664,EA03,21.3,0.0,99.0
437,L04,19.5,30.2,105.19999999999999
522,CC02,30.8,0.0,146.0
142,ES03,51.300000000000004,0.0,26.0
780,NA03,44.5,0.0,159.8
1093,EA01,42.2,0.0,0.0
970,CQ04,0.0,31.5,160.49999999999997
1895,L04,19.5,30.2,146.0
1310,CQ03,57.4,0.0,81.9
860,CC01,0.0,0.0,0.0
793,CC02,30.8,0.0,163.7
1036,TA01,30.1,36.2,65.0
285,CQ04,15.9,31.5,0.0
985,CQ03,57.4,0.0,95.9
1119,CQ03,57.4,0.0,118.5
649,L04,36.3,30.2,0.0
644,CQ04,15.9,31.5,39.4
267,TA01,30.1,36.2,104.0
1766,SB04,0.0,0.0,38.7
857,CC03,0.0,0.0,0.0
1442,L04,36.3,30.2,17.6
1612,EA03,21.3,0.0,119.9
1873,PB05,47.5,0.0,128.5
871,A03,62.300000000000004,0.0,13.2
414,TA01,30.1,36.2,115.6
669,EA03,21.3,0.0,149.4
1892,CQ03,57.4,0.0,139.4
1391,CQ03,57.4,0.0,166.4
1166,NA03,44.5,0.0,181.3
1696,NA03,44.5,0.0,204.5
153,SB04,0.0,0.0,61.800000000000004
805,L04,36.3,30.2,63.2
1218,TA01,30.1,36.2,132.79999999999998
1521,NA03,44.5,0.0,251.9
1751,CC02,57.6,0.0,0.0
1738,A03,62.300000000000004,0.0,58.599999999999994
1976,CQ02,0.0,99.30000000000001,44.0
24,TA01,30.1,36.2,154.2
1542,EB02,0.0,55.8,38.0
87,CQ04,15.9,31.5,65.9
1339,NA03,44.5,0.0,287.5
1753,CC02,57.6,0.0,38.1
1951,L04,36.3,30.2,92.9
1466,A01,0.0,0.0,87.8
168,C03,0.0,17.8,24.7
1852,C01,49.4,0.0,157.3
48,C01,0.0,20.2,0.0
17,MB02,47.8,0.0,137.4
863,C03,0.0,17.8,73.8
1918,TA03,48.9,0.0,0.0
840,L04,36.3,30.2,133.9
1622,L04,36.3,30.2,151.5
1650,L04,66.69999999999999,30.2,0.0
1639,ES03,51.300000000000004,0.0,44.7
536,EA03,21.3,0.0,161.6
309,MB04,49.9,0.0,90.10000000000001
73,EB02,0.0,55.8,54.7
1149,TA01,30.1,36.2,169.1
369,TA01,53.2,36.2,0.0
521,CQ02,0.0,99.30000000000001,65.2
559,TA01,53.2,36.2,25.5
1315,PB05,47.5,0.0,130.5
1053,TA01,53.2,36.2,52.0
1740,A01,0.0,0.0,126.4
1259,A02,0.0,0.0,0.0
1023,L04,66.69999999999999,30.2,18.7
349,EA03,39.5,0.0,0.0
1013,A02,0.0,0.0,42.7
1948,EB02,0.0,55.8,99.7
720,A03,62.300000000000004,0.0,104.8
104,C01,0.0,20.2,28.6
429,ES03,51.300000000000004,0.0,49.5
428,L04,66.69999999999999,30.2,41.599999999999994
1281,TA01,53.2,36.2,68.9
1283,SB04,0.0,0.0,78.30000000000001
1968,CQ04,15.9,31.5,96.4
1648,CQ04,15.9,31.5,114.4
252,NA03,44.5,0.0,334.9
1152,A03,62.300000000000004,0.0,137.4
1994,CQ03,57.4,0.0,181.9
1157,TA01,53.2,36.2,84.9
121,ES03,51.300000000000004,0.0,78.2
201,TA01,53.2,36.2,126.0
999,L04,66.69999999999999,30.2,74.1
1706,PB05,47.5,0.0,132.2
1498,L04,66.69999999999999,30.2,87.89999999999999
519,A03,62.300000000000004,0.0,185.4
540,MB02,47.8,0.0,154.9
1681,NA03,44.5,0.0,348.29999999999995
973,LS05,49.8,0.0,152.3
1305,L04,66.69999999999999,30.2,122.0
140,TA02,0.0,45.1,141.50000000000003
852,MB04,49.9,0.0,106.60000000000001
1418,TA02,0.0,45.1,170.60000000000002
1443,LS05,0.0,47.7,0.0
1372,A03,62.300000000000004,0.0,211.1
1080,LS05,0.0,47.7,20.8
996,CQ03,78.4,0.0,0.0
328,CQ03,78.4,0.0,40.8
1564,TA01,75.0,36.2,0.0
117,L04,66.69999999999999,30.2,133.1
1957,EB02,0.0,55.8,138.3
556,CC01,0.0,0.0,36.5
1217,ES03,51.300000000000004,0.0,97.7
1425,CC02,57.6,0.0,58.3
184,NA03,44.5,0.0,369.49999999999994
1014,CQ03,78.4,0.0,59.8
1308,TA02,0.0,45.1,185.3
1598,MB02,47.8,0.0,171.4
507,A03,62.300000000000004,0.0,252.3
538,NA03,44.5,0.0,374.29999999999995
1583,C03,0.0,17.8,95.8
162,C01,0.0,20.2,67.0
684,EB01,18.6,66.4,24.7
108,EA03,39.5,0.0,21.1
1690,CC02,57.6,0.0,99.4
799,CQ04,15.9,31.5,133.8
846,TA02,45.0,45.1,0.0
91,EB01,47.400000000000006,66.4,0.0
1081,TA01,75.0,36.2,29.8
903,TA02,45.0,45.1,47.2
1680,A03,62.300000000000004,0.0,276.1
1665,A03,62.300000000000004,0.0,303.20000000000005
492,C01,0.0,20.2,77.9
1373,CQ02,0.0,99.30000000000001,101.9
1947,NA03,91.9,0.0,0.0
712,A03,62.300000000000004,0.0,341.50000000000006
1934,A03,0.0,35.8,0.0
13,A03,0.0,35.8,56.3
979,ES03,51.300000000000004,0.0,142.4
1369,LS05,0.0,47.7,39.8
37,L04,66.69999999999999,30.2,154.6
699,PB05,74.9,0.0,0.0
1349,L04,80.99999999999999,30.2,0.0
1244,NA03,91.9,0.0,14.1
1791,A03,0.0,35.8,104.3
329,L04,80.99999999999999,30.2,44.4
1545,CQ04,56.1,31.5,0.0
250,NA03,91.9,0.0,32.1
1526,TA02,45.0,45.1,61.6
683,C01,0.0,20.2,110.10000000000001
1181,A03,0.0,35.8,133.6
1330,L04,80.99999999999999,30.2,86.9
77,NA03,91.9,0.0,44.400000000000006
1162,NA03,91.9,0.0,66.2
1496,MB02,67.3,0.0,0.0
1708,EA03,39.5,0.0,47.2
1764,CQ02,0.0,99.30000000000001,132.8
811,CQ04,56.1,31.5,26.0
1453,L04,80.99999999999999,30.2,97.9
1656,CQ03,78.4,0.0,72.3
1163,CQ01,0.0,0.0,0.0
645,TA01,75.0,36.2,46.400000000000006
1300,CQ03,78.4,0.0,85.0
904,CQ01,0.0,0.0,40.4
1882,CQ03,78.4,0.0,109.7
1505,TA02,45.0,45.1,77.2
781,CC02,57.6,0.0,113.4
753,NA03,91.9,0.0,114.30000000000001
448,A03,0.0,35.8,167.89999999999998
473,TA01,75.0,36.2,64.7
462,CC03,0.0,0.0,13.5
22,NA03,91.9,0.0,161.60000000000002
408,EB01,47.400000000000006,66.4,19.7
1235,CQ02,24.6,99.30000000000001,0.0
1029,A03,0.0,35.8,183.7
1978,L04,80.99999999999999,30.2,113.30000000000001
1207,A03,0.0,35.8,212.29999999999998
28,L04,80.99999999999999,30.2,137.20000000000002
1137,EA01,42.2,0.0,37.7
605,CC02,57.6,0.0,125.4
226,MB04,49.9,0.0,141.9
881,L02,0.0,0.0,0.0
1037,TA01,75.0,36.2,92.2
861,NA03,91.9,0.0,186.3
990,CQ03,78.4,0.0,138.9
1597,A03,0.0,35.8,237.79999999999998
1883,MB02,67.3,0.0,13.8
439,CC03,0.0,0.0,44.2
1420,TA01,75.0,36.2,139.8
274,L04,80.99999999999999,30.2,161.9
1809,A03,0.0,35.8,266.0
1333,CC02,57.6,0.0,153.0
1290,CQ04,56.1,31.5,57.6
1514,TA01,87.5,36.2,0.0
420,TA03,72.5,0.0,0.0
513,L04,108.69999999999999,30.2,0.0
1913,A03,0.0,35.8,289.4
938,TA02,45.0,45.1,118.7
477,TA02,45.0,45.1,156.1
143,CQ01,0.0,0.0,89.19999999999999
1024,G01,0.0,0.0,27.8
1578,CC01,0.0,0.0,80.1
1482,C03,0.0,17.8,136.4
1727,NA03,91.9,0.0,222.5
1254,CC02,74.3,0.0,0.0
330,TA03,72.5,0.0,13.1
308,NA03,91.9,0.0,264.4
368,L04,108.69999999999999,30.2,35.7
42,NA03,91.9,0.0,294.4
834,L04,108.69999999999999,30.2,58.300000000000004
632,TA02,0.0,66.2,0.0
1981,A03,0.0,35.8,318.29999999999995
395,L04,108.69999999999999,30.2,86.5
1449,CC03,0.0,0.0,81.30000000000001
955,L04,108.69999999999999,30.2,103.9
742,SB04,0.0,0.0,104.60000000000001
1337,CC01,0.0,0.0,125.8
1241,LS05,0.0,47.7,84.8
847,L04,108.69999999999999,30.2,125.30000000000001
1853,LS05,0.0,47.7,109.0
1043,MB04,49.9,0.0,153.9
1046,CQ02,24.6,99.30000000000001,26.5
730,A03,17.3,35.8,0.0
596,L04,108.69999999999999,30.2,135.3
281,EA03,39.5,0.0,90.6
1810,CQ01,0.0,0.0,124.19999999999999
1551,A03,17.3,35.8,36.6
1798,NA03,91.9,0.0,335.9
242,A03,17.3,35.8,60.6
845,EA03,39.5,0.0,108.69999999999999
598,EA03,39.5,0.0,131.89999999999998
1358,G03,0.0,0.0,26.8
1359,C01,32.2,20.2,0.0
1577,NA03,131.8,0.0,0.0
558,CQ04,56.1,31.5,82.3
1042,CC03,0.0,0.0,98.00000000000001
354,EA01,42.2,0.0,63.2
389,EA01,42.2,0.0,102.6
1252,A03,17.3,35.8,105.0
1700,CQ04,56.1,31.5,110.9
1504,CC01,38.7,0.0,0.0
1286,NA03,131.8,0.0,10.4
1292,NA03,131.8,0.0,24.0
647,A03,17.3,35.8,154.8
940,NA03,131.8,0.0,48.2
797,TA03,72.5,0.0,29.6
1034,PB05,74.9,0.0,11.8
253,NA03,131.8,0.0,67.80000000000001
1457,TA03,0.0,39.6,0.0
1164,TA03,0.0,39.6,13.0
374,MB02,67.3,0.0,56.900000000000006
1528,NA03,131.8,0.0,79.20000000000002
1140,EA03,39.5,0.0,159.79999999999998
640,A03,17.3,35.8,177.4
1343,A03,17.3,35.8,213.3
1919,ES02,0.0,0.0,4.7
1423,NA03,131.8,0.0,91.40000000000002
86,L04,108.69999999999999,30.2,161.10000000000002
1952,EA01,42.2,0.0,130.6
1204,TA03,15.9,39.6,0.0
221,CC03,0.0,0.0,130.0
936,C01,32.2,20.2,28.2
260,NA03,131.8,0.0,122.60000000000002
1726,A03,17.3,35.8,233.20000000000002
964,CQ04,56.1,31.5,137.20000000000002
465,LS05,0.0,47.7,125.0
416,MB02,67.3,0.0,72.10000000000001
204,L03,0.0,0.0,0.0
1049,A03,39.3,35.8,0.0
455,NA03,131.8,0.0,165.3
946,ES03,51.300000000000004,0.0,165.3
1044,EA03,39.5,0.0,178.1
1061,NA03,131.8,0.0,204.3
1210,LS05,11.5,47.7,0.0
65,L03,0.0,0.0,26.6
1825,TA02,0.0,66.2,20.2
708,NA03,131.8,0.0,234.4
29,EA03,65.9,0.0,0.0
1561,EA03,65.9,0.0,47.0
1537,CC02,74.3,0.0,41.3
1562,CQ01,0.0,0.0,149.2
867,TA02,0.0,66.2,41.4
1130,L02,0.0,0.0,49.2
137,A03,39.3,35.8,16.5
47,TA03,15.9,39.6,18.9
1107,NA03,131.8,0.0,263.9
1167,NA03,131.8,0.0,282.0
421,G01,0.0,0.0,44.8
617,EA01,0.0,33.9,0.0
545,NA03,131.8,0.0,303.7
610,CQ01,0.0,0.0,168.6
613,L02,0.0,0.0,80.30000000000001
1367,A03,39.3,35.8,63.3
1297,NA03,131.8,0.0,330.3
977,NA03,0.0,37.2,0.0
1225,C03,0.0,17.8,167.5
1015,A03,39.3,35.8,88.19999999999999
1705,C01,32.2,20.2,40.9
992,MB02,67.3,0.0,91.60000000000001
170,A03,39.3,35.8,107.19999999999999
1197,L02,0.0,0.0,105.00000000000001
788,A03,39.3,35.8,123.79999999999998
572,A03,39.3,35.8,144.6
1366,A03,39.3,35.8,162.29999999999998
136,EA03,0.0,21.3,0.0
728,NA03,0.0,37.2,11.8
1472,L03,0.0,0.0,62.800000000000004
1861,A03,39.3,35.8,194.2
1045,A03,39.3,35.8,234.1
1114,A03,39.3,35.8,249.79999999999998
1092,A03,39.3,35.8,296.59999999999997
92,A03,39.3,35.8,323.49999999999994
366,PB05,74.9,0.0,31.1
1793,L02,0.0,0.0,126.50000000000001
1174,L03,0.0,0.0,102.30000000000001
1222,SB04,0.0,0.0,131.70000000000002
1205,NA03,0.0,37.2,39.900000000000006
1585,CC01,38.7,0.0,47.2
404,CQ01,0.0,0.0,207.1
682,C03,10.5,17.8,0.0
245,L02,0.0,0.0,156.10000000000002
1624,CQ04,0.0,71.4,0.0
1671,CQ04,0.0,71.4,14.6
539,L03,0.0,0.0,135.4
1147,CC02,74.3,0.0,88.69999999999999
1634,NA03,0.0,37.2,56.2
1403,PB05,74.9,0.0,45.3
1377,NA03,0.0,37.2,92.9
406,NA03,0.0,37.2,122.9
702,NA03,0.0,37.2,160.60000000000002
1900,CQ02,24.6,99.30000000000001,43.5
900,C03,10.5,17.8,42.8
1180,L02,37.0,0.0,0.0
1914,A03,39.3,35.8,347.69999999999993
1465,NA03,0.0,37.2,208.40000000000003
1419,TA02,0.0,66.2,85.3
46,TA01,87.5,36.2,17.0
74,NA03,0.0,37.2,225.60000000000002
1975,NA03,0.0,37.2,245.3
1437,CQ01,0.0,0.0,226.79999999999998
1506,A03,0.0,83.19999999999999,0.0
1943,A03,0.0,83.19999999999999,58.9
1153,NA03,0.0,37.2,281.7
766,NA03,0.0,37.2,296.5
747,A03,0.0,83.19999999999999,106.0
557,TA01,87.5,36.2,47.4
581,CQ03,78.4,0.0,163.4
1567,A03,0.0,83.19999999999999,134.8
1659,L03,27.5,0.0,0.0
1675,CC02,74.3,0.0,124.79999999999998
1228,L04,108.69999999999999,30.2,178.50000000000003
271,NA03,0.0,37.2,334.5
1258,MB04,0.0,27.4,0.0
809,A03,0.0,83.19999999999999,139.8
912,NA03,0.0,37.2,363.8
1477,MB04,0.0,27.4,15.1
262,A03,0.0,83.19999999999999,186.5
167,NA03,0.0,37.2,377.3
1410,CC01,38.7,0.0,58.6
191,A03,0.0,83.19999999999999,222.6
1198,NA03,20.3,37.2,0.0
533,NA03,20.3,37.2,32.7
1560,C03,10.5,17.8,67.69999999999999
580,NA03,20.3,37.2,54.400000000000006
585,NA03,20.3,37.2,91.10000000000001
932,A03,0.0,83.19999999999999,261.3
446,CC01,38.7,0.0,102.6
1630,A03,0.0,83.19999999999999,263.1
648,L04,129.89999999999998,30.2,0.0
1500,A03,0.0,83.19999999999999,283.3
423,A03,0.0,83.19999999999999,320.5
1725,EB01,68.9,66.4,0.0
1489,NA03,20.3,37.2,106.7
249,LS05,11.5,47.7,35.4
716,CC03,0.0,0.0,153.8
1788,NA03,20.3,37.2,122.60000000000001
1020,SB04,0.0,0.0,154.8
1719,TA01,87.5,36.2,68.7
1697,ES03,51.300000000000004,0.0,170.0
692,NA03,20.3,37.2,167.3
1833,NA03,20.3,37.2,210.8
1886,CQ01,0.0,0.0,240.6
161,A03,0.0,83.19999999999999,347.7
1848,EB01,68.9,66.4,17.6
1863,NA03,20.3,37.2,238.20000000000002
1440,NA03,20.3,37.2,275.8
1178,TA02,0.0,66.2,115.8
71,CQ04,0.0,71.4,45.1
33,CQ03,78.4,0.0,174.8
1920,TA02,0.0,66.2,141.1
144,LS05,11.5,47.7,59.0
1842,NA03,20.3,37.2,306.7
710,EB02,0.0,70.3,0.0
695,TA02,0.0,66.2,160.1
773,CQ03,0.0,17.7,0.0
1478,C01,32.2,20.2,79.6
1804,CQ03,0.0,17.7,21.6
1378,L04,129.89999999999998,30.2,23.1
587,EA01,0.0,33.9,43.4
1430,MB04,0.0,27.4,39.2
1987,A02,0.0,0.0,91.30000000000001
41,NA03,20.3,37.2,328.5
608,PB05,74.9,0.0,46.4
584,ES03,0.0,11.2,0.0
1323,A02,25.0,0.0,0.0
499,L04,129.89999999999998,30.2,51.0
911,A03,0.0,83.19999999999999,372.2
1298,EA01,0.0,33.9,85.8
544,L04,129.89999999999998,30.2,98.5
362,G02,0.0,0.0,29.4
1038,EA03,0.0,21.3,75.5
485,NA03,60.7,37.2,0.0
646,CC03,22.0,0.0,0.0
843,G02,0.0,0.0,53.099999999999994
1908,L04,129.89999999999998,30.2,115.0
222,EA03,17.5,21.3,0.0
1889,NA03,60.7,37.2,25.3
118,L04,129.89999999999998,30.2,125.5
1100,CQ03,0.0,17.7,50.0
1319,NA03,60.7,37.2,47.3
600,CQ03,0.0,17.7,79.2
1413,EA03,17.5,21.3,46.8
105,NA03,60.7,37.2,76.19999999999999
1587,TA01,87.5,36.2,112.9
576,C03,10.5,17.8,108.49999999999999
744,A01,0.0,0.0,163.2
187,CQ02,24.6,99.30000000000001,66.0
565,NA03,60.7,37.2,103.29999999999998
1531,TA02,0.0,66.2,177.9
577,C01,32.2,20.2,102.5
876,PB05,74.9,0.0,86.6
1025,L04,129.89999999999998,30.2,137.1
1135,CQ03,0.0,17.7,97.9
1910,C03,10.5,17.8,140.5
586,NA03,60.7,37.2,150.7
1644,TA02,15.4,66.2,0.0
1633,A03,0.0,83.19999999999999,382.59999999999997
1008,CQ02,24.6,99.30000000000001,91.7
1039,A03,48.2,83.19999999999999,0.0
1513,A03,48.2,83.19999999999999,42.8
1621,CQ02,0.0,118.9,0.0
49,CQ02,0.0,118.9,77.5
737,L04,129.89999999999998,30.2,164.2
1495,TA02,15.4,66.2,20.4
1177,CQ02,0.0,118.9,101.3
251,A03,48.2,83.19999999999999,56.5
1132,L04,0.0,40.5,0.0
1248,ES03,0.0,11.2,10.5
1717,A03,48.2,83.19999999999999,100.0
636,A03,48.2,83.19999999999999,172.8
1529,L04,0.0,40.5,34.1
233,A03,48.2,83.19999999999999,201.3
155,MB02,67.3,0.0,117.30000000000001
769,CQ03,0.0,17.7,140.8
1890,CQ02,0.0,118.9,146.4
700,CQ02,23.3,118.9,0.0
299,A03,48.2,83.19999999999999,248.5
1821,EA01,0.0,33.9,127.9
228,TA02,15.4,66.2,48.3
1946,PB05,74.9,0.0,97.39999999999999
6,CC02,84.7,0.0,0.0
1985,C01,32.2,20.2,141.9
61,L04,0.0,40.5,59.400000000000006
1295,EA03,17.5,21.3,79.5
1640,L04,0.0,40.5,75.60000000000001
971,C03,40.5,17.8,0.0
279,CQ02,23.3,118.9,27.7
1519,L04,0.0,40.5,101.9
1260,EA01,23.7,33.9,0.0
427,ES03,0.0,11.2,12.3
415,NA03,60.7,37.2,198.2
237,A03,48.2,83.19999999999999,291.5
1841,NA03,60.7,37.2,237.39999999999998
1846,PB05,74.9,0.0,129.7
705,C01,54.900000000000006,20.2,0.0
1499,NA03,60.7,37.2,259.4
236,L04,0.0,40.5,112.80000000000001
199,PB05,74.9,0.0,143.79999999999998
1832,NA03,60.7,37.2,295.2
1005,L04,0.0,40.5,148.4
818,TA02,15.4,66.2,80.4
663,NA03,60.7,37.2,316.4
666,A03,48.2,83.19999999999999,333.3
582,CQ02,23.3,118.9,71.6
407,CC03,22.0,0.0,24.1
445,L03,27.5,0.0,26.9
935,L02,37.0,0.0,23.6
563,NA03,60.7,37.2,338.09999999999997
571,ES03,0.0,11.2,61.5
516,CQ03,35.0,17.7,0.0
1958,EA03,17.5,21.3,105.6
1428,LS05,11.5,47.7,84.3
1098,L04,0.0,40.5,167.4
555,EA01,23.7,33.9,65.1
760,A03,48.2,83.19999999999999,348.2
1374,L04,0.0,40.5,179.6
711,NA03,76.9,37.2,0.0
400,CQ03,35.0,17.7,42.3
1716,CQ03,35.0,17.7,64.4
1065,NA02,0.0,0.0,0.0
1828,CQ02,23.3,118.9,89.3
1480,CC01,38.7,0.0,148.6
356,SB04,0.0,0.0,165.9
778,TA01,87.5,36.2,129.0
1840,NA03,76.9,37.2,28.5
774,CQ02,23.3,118.9,117.5
933,A03,0.0,114.79999999999998,0.0
1360,ES03,0.0,11.2,107.0
453,MB02,67.3,0.0,151.9
452,LS05,11.5,47.7,109.19999999999999
941,L04,26.5,40.5,0.0
1494,CQ03,35.0,17.7,80.10000000000001
1493,NA03,76.9,37.2,60.1
1352,A03,0.0,114.79999999999998,39.6
1070,L04,26.5,40.5,15.3
1055,MB02,0.0,12.9,0.0
419,L04,26.5,40.5,48.599999999999994
1849,CQ02,23.3,118.9,146.4
641,CC03,22.0,0.0,36.900000000000006
1516,EA03,40.7,21.3,0.0
972,A03,0.0,114.79999999999998,80.5
1835,EA03,40.7,21.3,21.5
1786,NA03,76.9,37.2,87.1
1471,ES03,0.0,11.2,108.0
1018,G03,0.0,0.0,54.5
1215,MB02,0.0,12.9,11.9
998,CQ03,35.0,17.7,124.4
1885,NA03,76.9,37.2,103.8
130,NA03,76.9,37.2,129.8
190,PB01,0.0,0.0,0.0
1347,A03,0.0,114.79999999999998,118.8
888,NA03,76.9,37.2,147.20000000000002
1063,LS05,11.5,47.7,143.6
931,CQ03,35.0,17.7,134.6
828,LS05,11.5,47.7,158.5
480,CC02,84.7,0.0,46.0
1568,A03,0.0,114.79999999999998,166.8
173,A03,0.0,114.79999999999998,194.20000000000002
1097,CQ02,34.3,118.9,0.0
1963,NA03,76.9,37.2,184.0
495,A03,0.0,114.79999999999998,243.3
139,A03,0.0,114.79999999999998,257.7
97,CQ03,57.1,17.7,0.0
243,A03,0.0,114.79999999999998,307.4
1006,NA03,76.9,37.2,212.1
829,NA03,76.9,37.2,241.9
405,NA03,76.9,37.2,265.9
410,CQ03,57.1,17.7,38.3
1655,CQ02,34.3,118.9,20.4
1907,CQ03,57.1,17.7,49.099999999999994
2000,L04,26.5,40.5,60.699999999999996
320,CQ03,57.1,17.7,69.8
111,CQ04,0.0,71.4,86.30000000000001
148,SB04,0.0,0.0,177.1
874,CC03,22.0,0.0,59.50000000000001
909,G01,0.0,0.0,73.6
866,PB03,0.0,0.0,0.0
588,SB04,29.9,0.0,0.0
892,G02,0.0,0.0,75.3
1189,NA03,76.9,37.2,285.5
1875,EA01,23.7,33.9,99.1
460,NA03,76.9,37.2,310.1
1983,EA01,23.7,33.9,125.19999999999999
1590,A03,0.0,114.79999999999998,332.7
1654,EA03,40.7,21.3,67.4
801,CQ03,57.1,17.7,118.4
962,TA01,87.5,36.2,144.6
205,EA01,51.4,33.9,0.0
786,TA01,0.0,80.2,0.0
1692,L02,37.0,0.0,38.400000000000006
1923,MB02,0.0,12.9,27.4
1911,A03,17.8,114.79999999999998,0.0
594,CQ03,0.0,39.3,0.0
154,L04,26.5,40.5,83.0
738,CQ03,0.0,39.3,60.2
1309,TA01,0.0,80.2,45.6
1169,EA03,40.7,21.3,115.4
894,A03,17.8,114.79999999999998,26.2
169,L04,26.5,40.5,110.7
1876,NA03,76.9,37.2,352.6
930,A03,17.8,114.79999999999998,55.0
276,CC02,84.7,0.0,85.3
1257,PB05,74.9,0.0,160.89999999999998
1893,CQ02,34.3,118.9,31.5
1115,PB05,74.9,0.0,163.7
1822,CQ03,0.0,39.3,93.9
1016,NA03,121.30000000000001,37.2,0.0
1216,CC01,59.800000000000004,0.0,0.0
1669,NA03,121.30000000000001,37.2,22.3
1868,EA03,40.7,21.3,130.0
1676,TA01,0.0,80.2,67.1
1731,TA01,0.0,80.2,79.3
1445,TA01,0.0,80.2,121.8
1699,CQ03,0.0,39.3,130.3
440,CC03,22.0,0.0,83.7
515,MB02,0.0,12.9,55.0
1455,ES03,0.0,11.2,112.6
166,PB01,0.0,0.0,49.8
1424,A03,17.8,114.79999999999998,100.3
954,CQ02,34.3,118.9,53.0
1741,C03,40.5,17.8,25.9
1757,A03,17.8,114.79999999999998,154.4
382,NA03,121.30000000000001,37.2,42.7
1357,L04,26.5,40.5,123.10000000000001
1099,CQ02,34.3,118.9,91.7
875,TA01,0.0,80.2,151.0
489,NA03,121.30000000000001,37.2,85.4
1879,NA03,121.30000000000001,37.2,129.5
980,A03,17.8,114.79999999999998,240.10000000000002
1702,ES03,0.0,11.2,115.0
1926,SB04,29.9,0.0,10.3
652,CQ03,0.0,39.3,143.8
1085,TA01,0.0,80.2,162.5
181,L04,26.5,40.5,138.4
1272,L04,41.0,40.5,0.0
432,NA03,121.30000000000001,37.2,179.3
458,CC02,84.7,0.0,134.7
1196,CQ03,0.0,39.3,160.10000000000002
1170,L04,41.0,40.5,24.0
1878,MB02,0.0,12.9,71.4
131,A03,17.8,114.79999999999998,288.6
943,NA03,121.30000000000001,37.2,227.0
1581,CQ02,0.0,143.0,0.0
265,NA03,121.30000000000001,37.2,240.4
335,A03,17.8,114.79999999999998,314.6
1782,CC02,0.0,11.6,0.0
273,C01,54.900000000000006,20.2,10.3
1448,TA01,29.3,80.2,0.0
80,CC02,0.0,11.6,13.4
301,A03,17.8,114.79999999999998,351.8
1112,A03,55.599999999999994,114.79999999999998,0.0
280,CQ03,39.6,39.3,0.0
1040,C03,40.5,17.8,45.3
831,NA02,0.0,0.0,2.0
1288,NA03,121.30000000000001,37.2,280.2
418,EB02,0.0,70.3,22.0
195,L03,27.5,0.0,66.1
1230,PB03,0.0,0.0,46.6
1856,EA01,51.4,33.9,47.1
1462,EA03,40.7,21.3,153.4
768,EA03,40.7,21.3,166.1
371,CQ02,0.0,143.0,49.9
1073,TA01,29.3,80.2,20.2
1758,CQ03,39.6,39.3,13.7
1507,PB05,74.9,0.0,174.7
518,L04,41.0,40.5,46.9
858,CQ02,0.0,143.0,71.0
922,L04,41.0,40.5,69.1
474,G01,0.0,0.0,96.69999999999999
1955,ES03,0.0,11.2,148.1
348,CQ02,0.0,143.0,93.2
651,CC02,0.0,11.6,29.3
1668,CQ03,39.6,39.3,30.599999999999998
1067,EA01,51.4,33.9,90.7
803,L04,41.0,40.5,89.1
929,TA01,29.3,80.2,33.0
1277,A01,19.1,0.0,0.0
1607,CQ03,39.6,39.3,45.0
496,C01,54.900000000000006,20.2,34.2
1334,TA01,29.3,80.2,51.5
290,L04,41.0,40.5,112.69999999999999
735,CQ02,0.0,143.0,129.0
1636,CQ03,39.6,39.3,73.0
542,ES03,0.0,11.2,169.0
1625,CQ04,0.0,71.4,124.50000000000001
842,NA03,121.30000000000001,37.2,314.09999999999997
479,SB04,29.9,0.0,36.8
1328,G03,0.0,0.0,81.3
1565,L04,41.0,40.5,138.0
878,TA01,29.3,80.2,76.2
1456,CC02,0.0,11.6,51.3
1109,TA01,29.3,80.2,123.30000000000001
1979,G02,0.0,0.0,92.3
1563,A03,55.599999999999994,114.79999999999998,20.1
1324,TA01,29.3,80.2,133.60000000000002
687,TA01,29.3,80.2,153.50000000000003
691,TA01,29.3,80.2,167.60000000000002
715,ES02,0.0,0.0,48.6
1718,CQ03,39.6,39.3,102.0
353,CQ02,0.0,143.0,145.4
1743,G03,0.0,0.0,92.1
379,L04,41.0,40.5,148.5
642,CQ03,39.6,39.3,143.2
311,EA03,65.2,21.3,0.0
1027,ES03,0.0,11.2,170.3
1392,A03,55.599999999999994,114.79999999999998,45.7
1775,TA01,0.0,116.9,0.0
1823,PB03,0.0,0.0,72.0
1806,CC02,0.0,11.6,83.69999999999999
783,G02,0.0,0.0,119.5
1944,CQ03,39.6,39.3,168.39999999999998
578,EA03,65.2,21.3,34.8
75,C01,54.900000000000006,20.2,75.4
58,G03,0.0,0.0,112.69999999999999
43,TA01,0.0,116.9,31.3
1909,L04,75.4,40.5,0.0
1123,CQ04,24.9,71.4,0.0
751,L04,75.4,40.5,20.2
917,G03,0.0,0.0,138.5
934,C01,54.900000000000006,20.2,87.10000000000001
1059,NA02,0.0,0.0,46.1
1068,CQ04,24.9,71.4,38.2
812,G03,0.0,0.0,177.2
1262,TA01,0.0,116.9,74.3
1722,MB04,0.0,27.4,76.4
1756,PB05,74.9,0.0,186.2
1736,SB04,29.9,0.0,58.9
323,PB01,0.0,0.0,80.8
213,LS05,24.8,47.7,0.0
312,MB02,0.0,12.9,99.9
350,TA01,0.0,116.9,95.69999999999999
537,NA02,0.0,0.0,75.3
508,NA03,0.0,74.0,0.0
1338,CQ01,0.0,0.0,258.4
1313,TA01,0.0,116.9,109.79999999999998
611,MB02,0.0,12.9,125.80000000000001
1271,TA01,0.0,116.9,127.89999999999998
945,G01,0.0,0.0,145.5
614,G03,0.0,0.0,203.1
619,C03,40.5,17.8,89.8
304,L04,75.4,40.5,42.7
1385,CC02,0.0,11.6,116.69999999999999
676,L04,75.4,40.5,73.4
1950,G02,0.0,0.0,165.5
1515,TA01,49.7,116.9,0.0
1256,C01,54.900000000000006,20.2,135.10000000000002
1422,EA03,65.2,21.3,50.5
1094,L04,75.4,40.5,95.2
1614,PB05,74.9,0.0,188.7
1270,TA01,49.7,116.9,37.4
732,L04,75.4,40.5,139.2
997,A03,55.599999999999994,114.79999999999998,77.2
1533,SB04,29.9,0.0,77.5
1433,EA01,51.4,33.9,128.5
657,L03,27.5,0.0,83.39999999999999
1444,C03,40.5,17.8,135.4
1929,A03,55.599999999999994,114.79999999999998,104.2
114,NA02,0.0,0.0,128.2
1321,L04,75.4,40.5,153.6
277,TA01,49.7,116.9,80.69999999999999
1447,TA01,49.7,116.9,107.79999999999998
1492,A03,55.599999999999994,114.79999999999998,141.2
1829,PB05,74.9,0.0,193.1
1060,TA01,49.7,116.9,131.1
1365,L03,27.5,0.0,95.89999999999999
1767,EA03,65.2,21.3,94.1
1884,MB02,0.0,12.9,155.4
873,L02,37.0,0.0,60.10000000000001
1566,TA01,49.7,116.9,156.2
1525,TA01,49.7,116.9,174.29999999999998
1303,G03,0.0,0.0,235.1
1617,TA02,15.4,66.2,103.2
503,TA02,15.4,66.2,124.5
530,G01,0.0,0.0,166.9
844,L04,117.7,40.5,0.0
1221,SB04,29.9,0.0,102.7
1211,TA01,49.7,116.9,185.79999999999998
752,CC02,45.0,11.6,0.0
1379,ES03,0.0,11.2,172.70000000000002
403,G02,0.0,0.0,213.3
1276,L02,37.0,0.0,90.0
352,CQ02,15.9,143.0,0.0
1376,SB04,29.9,0.0,118.9
306,G01,21.1,0.0,0.0
1002,EA03,65.2,21.3,117.89999999999999
910,NA02,0.0,0.0,155.29999999999998
1326,G02,0.0,0.0,229.70000000000002
884,G03,0.0,0.0,271.1
1095,L03,27.5,0.0,123.39999999999999
1534,EA01,0.0,64.5,0.0
564,SB04,29.9,0.0,141.6
1451,CC02,45.0,11.6,48.0
726,L04,117.7,40.5,44.2
1160,G01,21.1,0.0,22.1
1936,C02,0.0,0.0,0.0
686,G01,21.1,0.0,34.0
1481,PB03,0.0,0.0,119.6
1426,C03,70.2,17.8,0.0
626,NA02,32.6,0.0,0.0
721,EB02,0.0,70.3,34.6
1405,LS05,24.8,47.7,27.5
1051,G01,21.1,0.0,57.2
531,SB04,46.7,0.0,0.0
1458,NA02,32.6,0.0,39.4
1145,C01,54.900000000000006,20.2,165.60000000000002
1110,A01,19.1,0.0,28.5
1732,TA02,15.4,66.2,145.3
1600,ES03,0.0,11.2,185.20000000000002
1206,SB04,46.7,0.0,20.8
436,L02,37.0,0.0,106.2
697,C01,0.0,42.2,0.0
1421,L02,37.0,0.0,124.30000000000001
546,NA02,32.6,0.0,56.0
597,EA01,0.0,64.5,37.0
816,A03,55.599999999999994,114.79999999999998,185.2
1559,L02,37.0,0.0,151.60000000000002
1956,EA01,0.0,64.5,50.0
1973,TA02,40.6,66.2,0.0
1674,C01,0.0,42.2,13.6
1355,TA02,40.6,66.2,18.9
1351,CQ02,15.9,143.0,40.2
1803,EA03,65.2,21.3,142.7
543,MB02,12.1,12.9,0.0
1679,A01,19.1,0.0,77.9
1715,G02,0.0,0.0,267.5
268,CQ01,0.0,0.0,293.79999999999995
1888,EA01,0.0,64.5,78.7
978,EA03,0.0,56.099999999999994,0.0
718,A03,55.599999999999994,114.79999999999998,201.39999999999998
1229,CQ01,0.0,0.0,323.49999999999994
527,SB04,46.7,0.0,31.700000000000003
1291,L03,27.5,0.0,144.1
469,ES03,0.0,11.2,190.20000000000002
1548,G02,0.0,0.0,290.2
1242,A03,55.599999999999994,114.79999999999998,217.89999999999998
603,EA02,0.0,0.0,0.0
583,TA02,40.6,66.2,46.599999999999994
1538,SB04,46.7,0.0,47.800000000000004
129,EA01,16.4,64.5,0.0
1173,L03,40.4,0.0,0.0
615,CQ02,15.9,143.0,63.900000000000006
800,TA02,40.6,66.2,57.89999999999999
1176,ES02,0.0,0.0,90.0
4,G01,21.1,0.0,83.1
1452,CQ04,24.9,71.4,53.0
10,TA02,40.6,66.2,68.99999999999999
1382,L03,40.4,0.0,12.4
854,G03,0.0,0.0,317.0
677,NA02,32.6,0.0,85.4
69,L04,117.7,40.5,84.80000000000001
100,A03,55.599999999999994,114.79999999999998,238.2
345,A01,19.1,0.0,114.5
1672,LS05,24.8,47.7,64.0
1704,LS05,24.8,47.7,78.9
180,SB04,46.7,0.0,77.2
1629,A03,55.599999999999994,114.79999999999998,286.8
381,G01,21.1,0.0,100.1
1294,A01,19.1,0.0,153.2
937,A03,55.599999999999994,114.79999999999998,312.5
869,L04,117.7,40.5,96.30000000000001
541,A03,55.599999999999994,114.79999999999998,323.5
294,EA03,0.0,56.099999999999994,30.8
300,EA02,0.0,0.0,27.4
1316,NA02,32.6,0.0,124.5
1187,TA02,40.6,66.2,98.39999999999998
1185,G03,26.0,0.0,0.0
656,G03,26.0,0.0,18.0
1411,ES03,0.0,11.2,192.3
99,LS05,24.8,47.7,102.60000000000001
1084,G02,0.0,0.0,310.09999999999997
924,CQ04,24.9,71.4,78.2
1273,EA02,0.0,0.0,50.8
441,ES02,0.0,0.0,102.7
1154,G01,21.1,0.0,121.3
269,L02,0.0,18.3,0.0
1536,CQ02,15.9,143.0,80.2
550,A01,19.1,0.0,164.39999999999998
1896,SB04,46.7,0.0,120.9
1435,L02,0.0,18.3,11.1
1880,G03,26.0,0.0,45.9
1473,MB04,0.0,27.4,118.80000000000001
112,MB02,12.1,12.9,35.4
908,G02,0.0,0.0,341.09999999999997
1026,SB04,46.7,0.0,146.4
887,L04,117.7,40.5,117.60000000000001
1776,G03,26.0,0.0,68.2
960,ES02,0.0,0.0,134.7
1682,CC02,45.0,11.6,72.2
706,CQ02,15.9,143.0,122.1
1916,CC02,45.0,11.6,83.7
238,A03,55.599999999999994,114.79999999999998,346.8
1819,SB04,79.5,0.0,0.0
802,G01,35.8,0.0,0.0
1186,ES03,0.0,11.2,194.10000000000002
1872,G01,35.8,0.0,17.7
1406,CC02,45.0,11.6,112.2
1898,NA02,32.6,0.0,158.7
239,L02,0.0,18.3,22.6
476,C01,0.0,42.2,58.5
1233,A01,0.0,31.1,0.0
1240,CQ02,15.9,143.0,149.2
1772,G03,26.0,0.0,99.6
257,A01,0.0,31.1,10.2
1611,A03,77.5,114.79999999999998,0.0
1628,C02,0.0,0.0,43.8
1595,L04,117.7,40.5,132.60000000000002
288,C01,0.0,42.2,108.3
1299,L02,0.0,18.3,60.9
1749,L04,117.7,40.5,143.00000000000003
1703,TA02,40.6,66.2,140.39999999999998
1302,L04,130.3,40.5,0.0
12,G01,35.8,0.0,49.2
83,CC02,45.0,11.6,132.6
1928,G02,24.4,0.0,0.0
293,L04,130.3,40.5,21.7
454,L03,40.4,0.0,40.3
1296,CC02,45.0,11.6,154.2
486,TA02,40.6,66.2,155.09999999999997
1689,G01,35.8,0.0,60.7
1362,PB05,74.9,0.0,194.29999999999998
859,G01,35.8,0.0,97.30000000000001
1232,L02,0.0,18.3,77.4
1224,SB04,79.5,0.0,22.0
1341,EA03,0.0,56.099999999999994,57.400000000000006
1605,A01,0.0,31.1,59.099999999999994
505,G01,35.8,0.0,120.60000000000001
880,CC01,59.800000000000004,0.0,18.4
679,G02,24.4,0.0,41.0
635,TA02,50.6,66.2,0.0
813,A01,0.0,31.1,88.6
1091,NA02,0.0,42.7,0.0
1182,EA01,16.4,64.5,24.2
1066,NA02,0.0,42.7,20.1
1019,SB04,79.5,0.0,50.6
1663,TA02,50.6,66.2,16.1
128,CQ02,15.9,143.0,174.0
789,CC02,45.0,11.6,169.2
761,PB03,26.1,0.0,0.0
764,G03,26.0,0.0,137.3
523,G01,35.8,0.0,147.60000000000002
179,EA03,0.0,56.099999999999994,86.0
1399,L04,130.3,40.5,37.7
782,A03,77.5,114.79999999999998,47.9
1807,ES03,0.0,11.2,195.60000000000002
868,G03,26.0,0.0,159.5
1143,MB02,12.1,12.9,51.099999999999994
1117,C03,70.2,17.8,42.4
72,PB01,0.0,0.0,112.4
94,C03,70.2,17.8,53.8
101,PB01,0.0,0.0,153.10000000000002
568,CC02,70.3,11.6,0.0
467,L04,130.3,40.5,50.800000000000004
449,L03,40.4,0.0,52.3
1652,C01,0.0,42.2,141.2
907,A03,77.5,114.79999999999998,82.4
1284,L03,40.4,0.0,71.1
1265,CQ04,24.9,71.4,123.4
914,MB02,12.1,12.9,69.1
1268,TA02,50.6,66.2,27.8
1077,MB04,0.0,27.4,146.70000000000002
1613,SB04,79.5,0.0,90.5
886,CQ01,0.0,0.0,348.3999999999999
1199,CC03,22.0,0.0,105.1
625,TA02,50.6,66.2,51.5
1179,CC02,70.3,11.6,36.7
790,ES02,18.8,0.0,0.0
1972,CC02,70.3,11.6,80.30000000000001
689,NA02,0.0,42.7,54.300000000000004
901,L03,40.4,0.0,86.0
31,G03,26.0,0.0,179.4
665,L02,0.0,18.3,119.60000000000001
765,NA03,0.0,74.0,25.6
667,A03,77.5,114.79999999999998,107.4
317,A03,77.5,114.79999999999998,121.5
1666,MB02,12.1,12.9,104.89999999999999
616,L02,0.0,18.3,136.5
134,TA02,50.6,66.2,80.6
176,PB05,74.9,0.0,197.1
807,G02,24.4,0.0,59.8
670,G02,24.4,0.0,75.3
116,A01,0.0,31.1,115.1
623,L04,130.3,40.5,80.7
593,EA01,16.4,64.5,67.6
517,G03,26.0,0.0,195.6
602,A03,77.5,114.79999999999998,147.3
823,A01,0.0,31.1,141.29999999999998
1623,A01,46.1,31.1,0.0
1030,PB03,26.1,0.0,49.2
952,ES03,0.0,11.2,197.60000000000002
96,EA02,0.0,0.0,99.0
1637,EA02,0.0,0.0,129.8
1320,EA02,0.0,0.0,176.60000000000002
624,CC03,22.0,0.0,145.7
756,MB04,0.0,27.4,170.8
1535,G02,24.4,0.0,87.3
113,A03,77.5,114.79999999999998,166.70000000000002
1484,A01,46.1,31.1,29.4
548,PB01,0.0,0.0,173.40000000000003
591,CC03,22.0,0.0,158.6
464,SB04,79.5,0.0,137.1
1755,G02,24.4,0.0,110.6
109,A03,77.5,114.79999999999998,186.3
384,TA02,50.6,66.2,98.5
1683,SB04,79.5,0.0,151.6
316,G03,26.0,0.0,222.2
1687,G01,82.8,0.0,0.0
1274,CQ03,0.0,73.0,0.0
1340,L03,40.4,0.0,115.8
1332,A03,77.5,114.79999999999998,197.3
1344,TA02,50.6,66.2,118.0
672,EA03,0.0,56.099999999999994,103.2
1278,CC03,0.0,22.3,0.0
1661,EA01,16.4,64.5,128.7
310,ES02,18.8,0.0,32.7
295,G03,26.0,0.0,235.7
1389,L02,48.2,18.3,0.0
1547,L02,48.2,18.3,19.3
688,NA02,0.0,42.7,73.0
1510,TA02,62.0,66.2,0.0
1371,L04,130.3,40.5,130.3
849,CC02,70.3,11.6,115.60000000000001
1103,LS05,0.0,66.7,0.0
1801,MB02,12.1,12.9,136.5
1747,NA02,0.0,42.7,93.4
357,SB04,79.5,0.0,171.1
727,A03,77.5,114.79999999999998,239.10000000000002
1969,L02,48.2,18.3,58.8
1336,A03,77.5,114.79999999999998,265.3
1219,G01,82.8,0.0,23.1
1982,C03,70.2,17.8,93.5
127,CQ03,0.0,73.0,45.6
1415,G02,24.4,0.0,156.7
175,CC02,70.3,11.6,130.5
1404,G03,26.0,0.0,265.4
1200,C02,0.0,0.0,55.0
1474,CQ02,31.4,143.0,0.0
1487,NA02,0.0,42.7,105.60000000000001
1912,CQ01,0.0,0.0,371.3999999999999
1850,A03,77.5,114.79999999999998,294.1
1780,G01,82.8,0.0,69.30000000000001
1047,A03,77.5,114.79999999999998,340.40000000000003
1575,EA01,16.4,64.5,155.79999999999998
1869,SB04,79.5,0.0,181.4
1201,A01,46.1,31.1,54.4
283,ES02,18.8,0.0,46.300000000000004
390,A01,46.1,31.1,68.2
1236,TA02,62.0,66.2,26.1
331,C03,70.2,17.8,128.9
275,A01,46.1,31.1,102.7
982,C03,70.2,17.8,147.0
983,L02,48.2,18.3,87.3
430,L02,48.2,18.3,97.5
506,L04,152.10000000000002,40.5,0.0
1802,TA02,62.0,66.2,52.2
34,SB04,101.7,0.0,0.0
681,A01,46.1,31.1,151.2
1837,CC02,0.0,47.6,0.0
554,ES02,18.8,0.0,76.9
1826,G02,24.4,0.0,192.2
820,L03,40.4,0.0,154.7
885,A03,77.5,114.79999999999998,367.20000000000005
1327,CC02,0.0,47.6,29.1
893,NA02,0.0,42.7,110.4
821,G03,26.0,0.0,310.4
133,CQ02,31.4,143.0,25.0
629,ES02,18.8,0.0,108.9
1517,SB04,101.7,0.0,29.9
1227,L03,61.2,0.0,0.0
1553,A03,0.0,139.99999999999997,0.0
562,A03,0.0,139.99999999999997,16.6
1508,NA02,0.0,42.7,144.10000000000002
1964,L04,152.10000000000002,40.5,22.0
1974,PB01,0.0,0.0,184.60000000000002
1312,SB04,101.7,0.0,40.4
315,SB04,101.7,0.0,64.5
1790,G01,103.4,0.0,0.0
1289,G03,26.0,0.0,345.79999999999995
1645,CC02,0.0,47.6,47.1
639,NA02,27.6,42.7,0.0
263,L02,48.2,18.3,138.5
822,CQ02,31.4,143.0,51.2
850,LS05,0.0,66.7,41.7
501,LS05,0.0,66.7,57.1
575,A03,0.0,139.99999999999997,53.300000000000004
491,L03,61.2,0.0,43.7
359,L04,152.10000000000002,40.5,39.7
991,G01,103.4,0.0,21.6
1512,G03,26.0,0.0,350.49999999999994
808,MB04,0.0,27.4,184.5
1899,CQ02,31.4,143.0,80.7
1383,TA02,62.0,66.2,68.5
534,G02,24.4,0.0,228.0
1380,A03,0.0,139.99999999999997,87.30000000000001
824,A03,0.0,139.99999999999997,100.00000000000001
351,SB04,101.7,0.0,85.1
913,CQ03,0.0,73.0,72.5
372,C01,36.1,42.2,0.0
1285,EA03,0.0,56.099999999999994,132.4
102,A01,46.1,31.1,169.89999999999998
82,L02,48.2,18.3,167.3
1249,ES02,18.8,0.0,125.60000000000001
1618,L04,152.10000000000002,40.5,76.2
1009,NA02,27.6,42.7,12.0
1479,L02,48.2,18.3,177.60000000000002
650,EB02,0.0,70.3,50.6
1427,L02,0.0,41.900000000000006,0.0
758,CC02,0.0,47.6,77.4
373,A03,0.0,139.99999999999997,129.0
1263,NA02,27.6,42.7,25.0
1739,G03,51.1,0.0,0.0
1762,A03,0.0,139.99999999999997,147.4
1318,L04,152.10000000000002,40.5,87.4
1293,L02,0.0,41.900000000000006,18.3
336,SB04,101.7,0.0,126.1
1579,A03,0.0,139.99999999999997,160.8
1388,TA02,62.0,66.2,97.4
266,A03,0.0,139.99999999999997,171.4
1074,A02,25.0,0.0,40.6
1417,G02,24.4,0.0,243.5
1127,L03,61.2,0.0,88.80000000000001
125,MB04,46.2,27.4,0.0
110,G03,51.1,0.0,14.5
1827,SB04,101.7,0.0,141.5
1854,EB02,0.0,70.3,94.4
1862,L02,0.0,41.900000000000006,45.5
208,MB04,46.2,27.4,29.4
164,L03,61.2,0.0,124.4
1454,G01,103.4,0.0,48.7
1335,LS05,0.0,66.7,99.5
378,TA02,62.0,66.2,111.0
514,A03,0.0,139.99999999999997,186.0
341,A01,61.3,31.1,0.0
1021,CC02,0.0,47.6,118.5
1031,L02,0.0,41.900000000000006,72.2
832,C01,36.1,42.2,39.9
573,SB04,101.7,0.0,146.2
1814,ES02,18.8,0.0,154.8
520,G01,103.4,0.0,69.30000000000001
969,NA02,27.6,42.7,60.0
339,CQ02,31.4,143.0,100.6
905,MB04,46.2,27.4,44.099999999999994
1662,EA03,0.0,56.099999999999994,153.4
989,CQ02,31.4,143.0,144.2
1584,NA02,27.6,42.7,96.1
1088,A01,61.3,31.1,14.9
182,L03,61.2,0.0,158.3
1150,TA02,62.0,66.2,145.1
1128,A03,0.0,139.99999999999997,241.8
1459,L03,61.2,0.0,176.60000000000002
120,G02,24.4,0.0,274.4
1048,A03,0.0,139.99999999999997,265.5
1058,EA01,16.4,64.5,166.1
1592,G03,51.1,0.0,43.1
56,EA01,33.4,64.5,0.0
1653,CC02,0.0,47.6,133.8
1945,CC02,0.0,47.6,150.5
1953,MB04,46.2,27.4,84.89999999999999
478,G01,103.4,0.0,71.50000000000001
993,G03,51.1,0.0,88.80000000000001
668,LS05,0.0,66.7,137.6
1693,SB04,133.9,0.0,0.0
383,L04,152.10000000000002,40.5,137.0
21,SB04,133.9,0.0,28.0
332,A03,0.0,139.99999999999997,332.3
995,G02,24.4,0.0,306.5
319,G03,51.1,0.0,99.30000000000001
927,L03,0.0,26.0,0.0
1331,A03,0.0,139.99999999999997,345.2
1102,G02,24.4,0.0,324.4
1125,A01,61.3,31.1,34.1
757,A01,61.3,31.1,45.6
1874,EA02,0.0,0.0,200.10000000000002
138,G01,103.4,0.0,112.20000000000002
740,SB04,133.9,0.0,61.7
1932,CQ02,31.4,143.0,164.89999999999998
1942,A03,27.9,139.99999999999997,0.0
1436,A03,27.9,139.99999999999997,18.2
1203,L03,0.0,26.0,10.2
1483,G01,103.4,0.0,123.60000000000002
1439,CC02,26.7,47.6,0.0
1191,G02,24.4,0.0,343.7
754,A01,61.3,31.1,93.2
334,EA03,0.0,56.099999999999994,170.5
987,L02,0.0,41.900000000000006,113.2
1384,LS05,0.0,66.7,155.7
1554,G02,24.4,0.0,355.59999999999997
1866,G02,40.5,0.0,0.0
1546,EA01,33.4,64.5,55.6
1619,PB03,26.1,0.0,86.6
425,L03,0.0,26.0,32.5
1076,ES01,0.0,0.0,0.0
1691,A03,27.9,139.99999999999997,50.3
895,SB04,133.9,0.0,86.7
1329,L02,0.0,41.900000000000006,126.7
393,A01,61.3,31.1,141.8
399,L03,0.0,26.0,58.1
1133,NA02,27.6,42.7,145.3
1540,A01,61.3,31.1,156.8
78,A02,25.0,0.0,51.900000000000006
620,G01,130.9,0.0,0.0
40,G03,51.1,0.0,140.10000000000002
394,A01,61.3,31.1,174.0
365,G01,130.9,0.0,14.7
1980,G02,40.5,0.0,42.3
1253,A01,77.6,31.1,0.0
305,G02,40.5,0.0,74.19999999999999
14,G01,130.9,0.0,63.8
723,LS05,0.0,66.7,174.2
810,ES02,18.8,0.0,165.5
772,A01,77.6,31.1,24.0
1251,A03,27.9,139.99999999999997,147.0
535,G03,51.1,0.0,154.50000000000003
325,A01,77.6,31.1,50.5
292,EB02,0.0,70.3,120.30000000000001
1817,LS03,0.0,0.0,0.0
1401,MB02,12.1,12.9,156.0
442,EA03,18.0,56.099999999999994,0.0
461,SB04,133.9,0.0,118.2
1192,L02,0.0,41.900000000000006,137.3
1190,CC02,26.7,47.6,34.0
975,EB02,0.0,70.3,152.10000000000002
967,G01,130.9,0.0,88.3
363,EA03,18.0,56.099999999999994,23.2
1214,A02,25.0,0.0,84.2
1234,A03,27.9,139.99999999999997,173.6
1054,A03,27.9,139.99999999999997,190.2
1193,L04,152.10000000000002,40.5,159.3
1870,G02,40.5,0.0,94.1
254,A02,25.0,0.0,129.3
1518,CQ03,0.0,73.0,83.5
707,L02,0.0,41.900000000000006,155.70000000000002
736,L03,0.0,26.0,102.6
1931,L03,0.0,26.0,137.1
90,EA01,33.4,64.5,76.1
830,SB04,133.9,0.0,138.6
551,L02,13.2,41.900000000000006,0.0
1580,G01,130.9,0.0,113.9
1593,SB04,133.9,0.0,162.0
53,NA02,56.8,42.7,0.0
44,CC02,26.7,47.6,67.0
833,ES02,0.0,20.4,0.0
1709,G03,51.1,0.0,173.60000000000002
1797,A01,77.6,31.1,83.5
1017,PB01,39.6,0.0,0.0
906,CQ02,31.4,143.0,179.59999999999997
62,SB04,0.0,19.3,0.0
9,A03,27.9,139.99999999999997,201.79999999999998
1144,EA03,18.0,56.099999999999994,53.2
1796,L02,13.2,41.900000000000006,25.6
1844,G03,51.1,0.0,197.10000000000002
725,A03,27.9,139.99999999999997,235.7
1106,L02,13.2,41.900000000000006,42.7
218,L02,13.2,41.900000000000006,65.4
1395,G01,130.9,0.0,156.8
248,NA02,56.8,42.7,30.5
1195,A03,27.9,139.99999999999997,265.5
1414,G03,51.1,0.0,223.70000000000002
976,MB02,12.1,12.9,173.9
1250,A03,27.9,139.99999999999997,296.4
1606,SB04,0.0,19.3,28.5
1754,A01,77.6,31.1,94.6
504,A01,77.6,31.1,113.0
1364,NA02,56.8,42.7,60.1
284,A01,77.6,31.1,145.5
1984,A01,0.0,72.5,0.0
1785,A01,0.0,72.5,15.2
487,CC02,26.7,47.6,80.9
367,G02,40.5,0.0,143.0
289,G02,40.5,0.0,157.9
1246,EA02,0.0,0.0,288.6
1794,L03,0.0,26.0,157.4
303,LS03,0.0,0.0,26.0
1062,C01,36.1,42.2,75.9
685,C02,0.0,0.0,72.5
1450,SB04,0.0,19.3,65.4
643,A01,0.0,72.5,51.8
1502,PB03,26.1,0.0,116.1
107,G03,51.1,0.0,240.3
1397,MB02,42.7,12.9,0.0
234,G01,0.0,31.4,0.0
391,A01,0.0,72.5,79.5
1657,L03,17.0,26.0,0.0
1311,SB04,0.0,19.3,104.30000000000001
468,NA02,56.8,42.7,93.4
1591,EA03,18.0,56.099999999999994,78.80000000000001
879,G03,51.1,0.0,257.6
981,SB04,16.6,19.3,0.0
1280,L04,152.10000000000002,40.5,177.70000000000002
15,G02,40.5,0.0,192.8
1626,SB04,16.6,19.3,36.3
1714,A01,0.0,72.5,110.6
579,L03,17.0,26.0,27.9
1558,EA03,18.0,56.099999999999994,93.30000000000001
1033,LS03,0.0,0.0,67.9
592,C01,36.1,42.2,112.0
1779,LS05,0.0,66.7,177.89999999999998
1789,A01,0.0,72.5,135.79999999999998
172,LS05,0.0,66.7,181.39999999999998
157,G01,0.0,31.4,39.9
1904,A03,56.8,139.99999999999997,0.0
1511,L04,0.0,53.2,0.0
795,CC02,26.7,47.6,112.30000000000001
122,A03,56.8,139.99999999999997,37.8
698,G03,51.1,0.0,297.1
1208,G01,0.0,31.4,65.5
1574,A03,56.8,139.99999999999997,100.0
724,L02,13.2,41.900000000000006,111.7
76,A03,56.8,139.99999999999997,135.0
207,NA02,56.8,42.7,143.0
745,G03,51.1,0.0,318.3
1431,EA02,0.0,0.0,310.20000000000005
270,CC02,26.7,47.6,140.8
1142,NA02,56.8,42.7,160.4
1141,A01,0.0,72.5,138.7
386,A03,56.8,139.99999999999997,181.1
1977,CQ03,0.0,73.0,116.0
20,SB04,16.6,19.3,63.3
342,NA02,0.0,63.0,0.0
872,LS03,0.0,0.0,116.9
1603,G03,51.1,0.0,335.0
1184,C03,70.2,17.8,168.2
532,LS05,0.0,66.7,183.79999999999998
66,MB02,42.7,12.9,22.3
733,NA02,0.0,63.0,39.1
673,LS05,16.5,66.7,0.0
675,A03,56.8,139.99999999999997,220.2
1161,G02,40.5,0.0,241.0
1155,L04,0.0,53.2,33.6
1393,LS05,16.5,66.7,26.2
1860,A01,25.6,72.5,0.0
627,G03,0.0,15.9,0.0
748,L03,17.0,26.0,75.5
1247,G02,40.5,0.0,262.7
825,G01,0.0,31.4,102.4
1226,NA02,0.0,63.0,71.30000000000001
1572,A03,56.8,139.99999999999997,250.5
994,PB03,26.1,0.0,119.89999999999999
1287,A01,25.6,72.5,17.6
1730,A03,56.8,139.99999999999997,267.5
883,LS05,16.5,66.7,50.2
974,G02,40.5,0.0,273.0
355,SB04,16.6,19.3,96.5
3,A01,25.6,72.5,58.7
1995,G03,0.0,15.9,13.4
1921,A03,56.8,139.99999999999997,280.3
660,L04,0.0,53.2,52.5
1416,NA02,0.0,63.0,102.70000000000002
1090,G01,0.0,31.4,144.7
364,G01,0.0,31.4,160.0
925,NA02,0.0,63.0,115.70000000000002
1609,NA02,0.0,63.0,117.30000000000001
1075,A03,56.8,139.99999999999997,309.90000000000003
661,G02,40.5,0.0,312.3
944,L04,0.0,53.2,69.0
1707,A03,56.8,139.99999999999997,322.3
1279,LS05,16.5,66.7,95.5
638,PB01,39.6,0.0,26.4
235,G01,0.0,31.4,173.0
1539,SB04,16.6,19.3,125.5
1745,G03,0.0,15.9,54.199999999999996
734,EA03,43.8,56.099999999999994,0.0
837,NA02,0.0,63.0,151.0
567,G03,0.0,15.9,83.3
247,NA02,22.2,63.0,0.0
896,G02,40.5,0.0,337.6
1744,G01,0.0,31.4,183.6
731,PB01,39.6,0.0,56.9
1269,G01,10.6,31.4,0.0
261,EA01,33.4,64.5,114.5
321,G01,10.6,31.4,27.7
1604,G01,10.6,31.4,55.2
1237,A01,25.6,72.5,101.80000000000001
634,L02,13.2,41.900000000000006,125.8
1843,A01,25.6,72.5,133.20000000000002
1642,A01,25.6,72.5,159.20000000000002
1864,EA02,23.1,0.0,0.0
119,G01,10.6,31.4,59.400000000000006
475,C01,36.1,42.2,138.4
1172,A01,0.0,100.3,0.0
947,NA02,22.2,63.0,16.5
51,L04,0.0,53.2,82.0
1346,MB02,42.7,12.9,39.900000000000006
298,SB04,57.800000000000004,19.3,0.0
1660,CC02,44.099999999999994,47.6,0.0
862,L04,0.0,53.2,108.8
704,G01,10.6,31.4,89.7
85,G01,10.6,31.4,100.3
1476,CC02,44.099999999999994,47.6,42.7
1159,MB02,42.7,12.9,52.00000000000001
1165,LS05,16.5,66.7,125.7
450,A01,0.0,100.3,33.0
435,LS05,16.5,66.7,142.6
939,PB03,26.1,0.0,132.1
1441,MB02,42.7,12.9,62.50000000000001
174,L04,0.0,53.2,139.5
741,ES02,0.0,20.4,20.5
494,SB04,57.800000000000004,19.3,31.5
1635,L02,13.2,41.900000000000006,162.9
1847,L04,0.0,53.2,156.9
1552,CC02,44.099999999999994,47.6,88.5
196,G03,0.0,15.9,117.69999999999999
1830,L03,17.0,26.0,102.5
1711,LS05,16.5,66.7,164.6
1012,ES02,0.0,20.4,34.9
1615,CC02,44.099999999999994,47.6,108.3
1004,C01,36.1,42.2,162.6
1370,NA02,22.2,63.0,49.6
1582,TA01,0.0,159.5,0.0
302,C02,0.0,0.0,122.4
39,L04,0.0,53.2,168.70000000000002
64,C02,0.0,0.0,139.0
1138,G02,64.8,0.0,0.0
434,G01,10.6,31.4,135.5
1938,A01,0.0,100.3,53.4
1124,L04,18.9,53.2,0.0
1971,NA02,22.2,63.0,59.900000000000006
1937,G03,0.0,15.9,148.0
1750,C02,0.0,0.0,154.1
1000,SB04,57.800000000000004,19.3,68.7
1356,MB02,42.7,12.9,75.10000000000001
524,A01,0.0,100.3,103.0
1007,G03,0.0,15.9,161.3
380,L02,13.2,41.900000000000006,180.4
246,G01,10.6,31.4,154.1
1887,G01,25.7,31.4,0.0
1901,EA01,33.4,64.5,154.0
628,G03,0.0,15.9,179.0
779,MB02,42.7,12.9,92.80000000000001
601,A01,0.0,100.3,140.8
1407,CC02,44.099999999999994,47.6,148.1
1922,G02,64.8,0.0,32.1
1670,G02,64.8,0.0,47.400000000000006
1712,LS05,0.0,97.6,0.0
1792,G01,25.7,31.4,17.4
376,SB04,57.800000000000004,19.3,85.6
19,LS05,0.0,97.6,31.2
848,C02,0.0,0.0,175.7
1307,L02,38.8,41.900000000000006,0.0
297,CC01,59.800000000000004,0.0,50.9
32,L04,18.9,53.2,31.5
227,EA01,57.5,64.5,0.0
231,G02,64.8,0.0,60.7
212,G03,0.0,15.9,200.6
604,PB01,39.6,0.0,93.69999999999999
609,L04,18.9,53.2,72.9
680,SB04,57.800000000000004,19.3,104.89999999999999
762,NA02,22.2,63.0,98.0
889,CC02,44.099999999999994,47.6,160.29999999999998
27,G01,25.7,31.4,35.9
806,MB02,42.7,12.9,121.20000000000002
1990,EA01,57.5,64.5,78.1
882,PB05,74.9,0.0,198.4
1970,EA03,43.8,56.099999999999994,51.3
1231,L03,17.0,26.0,132.1
525,G03,0.0,15.9,230.4
1799,L04,18.9,53.2,89.4
1550,PB03,26.1,0.0,151.0
1400,ES02,0.0,20.4,66.8
607,CC01,59.800000000000004,0.0,96.19999999999999
746,G02,64.8,0.0,77.9
149,G02,64.8,0.0,121.0
1867,G03,0.0,15.9,259.6
1086,NA02,22.2,63.0,114.3
1523,PB03,26.1,0.0,154.8
147,SB04,57.800000000000004,19.3,151.5
1933,A01,0.0,100.3,153.20000000000002
457,G01,25.7,31.4,45.9
919,CC02,63.099999999999994,47.6,0.0
1992,SB04,57.800000000000004,19.3,172.4
1748,MB04,46.2,27.4,133.6
1586,G02,64.8,0.0,147.0
338,C02,18.9,0.0,0.0
1647,LS05,0.0,97.6,64.0
921,L04,18.9,53.2,117.0
89,G01,25.7,31.4,73.0
1678,G02,64.8,0.0,172.8
719,G02,64.8,0.0,188.9
124,LS05,0.0,97.6,109.4
1839,NA02,22.2,63.0,155.3
1684,L04,18.9,53.2,143.8
1306,G03,21.3,15.9,0.0
654,G02,64.8,0.0,201.4
203,L02,38.8,41.900000000000006,16.3
178,G02,64.8,0.0,232.9
1688,SB04,105.0,19.3,0.0
171,NA02,44.0,63.0,0.0
398,G03,21.3,15.9,16.7
1434,C02,18.9,0.0,38.6
424,G01,25.7,31.4,98.1
1314,LS05,35.4,97.6,0.0
1325,EA03,43.8,56.099999999999994,75.6
1121,LS05,35.4,97.6,37.0
1620,CC02,63.099999999999994,47.6,44.7
1959,G01,25.7,31.4,112.0
1998,NA02,44.0,63.0,32.0
1729,C02,18.9,0.0,77.4
1120,G02,64.8,0.0,260.7
826,SB04,105.0,19.3,40.5
1497,NA03,0.0,74.0,60.9
193,SB04,105.0,19.3,59.4
1831,SB04,105.0,19.3,98.8
1641,L03,17.0,26.0,159.79999999999998
95,G02,64.8,0.0,306.9
459,L04,18.9,53.2,158.0
318,LS05,35.4,97.6,82.8
865,L03,48.5,26.0,0.0
258,A01,33.5,100.3,0.0
1223,G03,21.3,15.9,98.2
1721,NA03,0.0,74.0,82.9
1022,LS05,35.4,97.6,112.6
1010,G02,64.8,0.0,334.7
1134,G01,25.7,31.4,152.2
106,PB01,39.6,0.0,142.79999999999998
438,A01,33.5,100.3,13.9
1966,NA02,44.0,63.0,71.8
272,G02,64.8,0.0,355.3
1461,CQ03,0.0,73.0,145.2
387,A01,33.5,100.3,42.0
1673,G01,54.3,31.4,0.0
1695,G02,0.0,20.3,0.0
471,L03,48.5,26.0,43.9
958,NA02,44.0,63.0,87.1
1079,EA02,23.1,0.0,68.9
1501,A01,33.5,100.3,53.4
1905,SB03,0.0,0.0,0.0
599,A01,33.5,100.3,64.7
422,G02,0.0,20.3,15.6
763,G03,21.3,15.9,137.0
1685,G02,0.0,20.3,25.799999999999997
950,SB04,105.0,19.3,115.5
622,G02,0.0,20.3,43.4
1881,EA02,23.1,0.0,89.0
1429,ES02,0.0,20.4,93.8
750,L04,18.9,53.2,169.5
132,G01,54.3,31.4,16.0
431,A01,33.5,100.3,74.8
337,PB01,55.5,0.0,0.0
877,G03,21.3,15.9,181.3
898,SB04,105.0,19.3,129.7
1777,ES04,0.0,0.0,0.0
853,ES01,27.2,0.0,0.0
827,LS05,54.2,97.6,0.0
1571,G02,0.0,20.3,72.4
63,G01,54.3,31.4,31.5
324,LS05,54.2,97.6,21.6
1266,SB04,105.0,19.3,159.5
1941,A01,33.5,100.3,109.69999999999999
413,SB04,139.3,19.3,0.0
240,G03,21.3,15.9,217.70000000000002
566,NA02,44.0,63.0,120.8
151,G02,0.0,20.3,122.2
1089,A01,33.5,100.3,152.5
230,A01,44.5,100.3,0.0
1855,G03,21.3,15.9,249.3
1897,G01,54.3,31.4,76.3
948,ES04,0.0,0.0,29.1
93,CC02,63.099999999999994,47.6,72.1
225,PB01,55.5,0.0,39.0
307,A01,44.5,100.3,15.1
511,CC02,63.099999999999994,47.6,100.0
1105,C02,18.9,0.0,110.2
327,L04,41.7,53.2,0.0
1949,L02,38.8,41.900000000000006,66.1
7,EA01,57.5,64.5,114.19999999999999
1363,G02,0.0,20.3,151.4
1111,G02,0.0,20.3,176.3
1728,LS05,54.2,97.6,53.0
103,NA02,0.0,106.1,0.0
1643,G01,54.3,31.4,118.1
296,A01,44.5,100.3,61.5
1627,SB04,139.3,19.3,17.1
1813,G03,21.3,15.9,295.90000000000003
1238,MB02,42.7,12.9,143.20000000000002
1812,G02,0.0,20.3,214.70000000000002
1781,A01,44.5,100.3,79.5
1710,C02,18.9,0.0,138.5
1522,A01,69.9,100.3,0.0
216,G01,54.3,31.4,137.0
1555,G03,21.3,15.9,340.20000000000005
1608,L04,41.7,53.2,10.9
1723,G02,0.0,20.3,241.9
360,SB04,139.3,19.3,43.6
1345,SB04,139.3,19.3,63.400000000000006
916,SB04,139.3,19.3,77.2
443,G02,0.0,20.3,269.7
115,LS05,54.2,97.6,86.4
956,G03,56.400000000000006,15.9,0.0
953,LS05,54.2,97.6,97.0
1815,CC02,63.099999999999994,47.6,136.4
217,G03,56.400000000000006,15.9,20.8
1087,L02,38.8,41.900000000000006,113.8
1871,PB03,26.1,0.0,168.5
385,G02,0.0,20.3,274.09999999999997
1638,LS05,54.2,97.6,114.0
1935,L04,41.7,53.2,51.4
1469,LS05,54.2,97.6,146.4
1188,G02,0.0,20.3,288.09999999999997
694,A01,69.9,100.3,25.1
123,SB04,139.3,19.3,118.5
1096,G03,56.400000000000006,15.9,67.7
1467,A01,69.9,100.3,53.8
915,CC02,0.0,92.4,0.0
1348,G01,90.8,31.4,0.0
722,SB04,150.0,19.3,0.0
1631,NA03,0.0,74.0,120.7
370,CC02,0.0,92.4,23.9
1375,CC02,0.0,92.4,43.7
1011,SB02,0.0,0.0,0.0
968,SB02,0.0,0.0,12.0
1255,NA02,0.0,106.1,30.7
1765,A01,69.9,100.3,66.8
1769,G03,56.400000000000006,15.9,82.7
1576,A02,0.0,33.5,0.0
560,A01,69.9,100.3,106.9
926,SB03,0.0,0.0,3.1
344,G03,56.400000000000006,15.9,106.0
717,NA02,0.0,106.1,56.2
787,L02,38.8,41.900000000000006,127.7
30,A01,69.9,100.3,134.9
1818,G01,90.8,31.4,28.0
256,L03,48.5,26.0,64.1
804,A01,69.9,100.3,146.6
206,SB03,0.0,0.0,43.300000000000004
1557,L01,0.0,0.0,0.0
1770,ES04,0.0,0.0,51.5
1588,L02,38.8,41.900000000000006,139.1
488,G02,0.0,20.3,324.2
1694,G02,0.0,20.3,337.4
500,G01,90.8,31.4,61.3
358,PB03,26.1,0.0,172.1
1589,EA03,43.8,56.099999999999994,97.69999999999999
1594,G03,56.400000000000006,15.9,125.0
855,A01,0.0,144.7,0.0
1784,C02,18.9,0.0,163.8
1368,SB04,150.0,19.3,40.4
1202,A01,0.0,144.7,18.8
949,L04,41.7,53.2,80.3
1858,LS05,0.0,140.39999999999998,0.0
1282,A01,0.0,144.7,51.599999999999994
1387,A02,0.0,33.5,11.1
1171,G02,12.9,20.3,0.0
160,G01,90.8,31.4,98.6
1432,L04,41.7,53.2,101.9
1194,SB04,150.0,19.3,52.599999999999994
709,SB03,0.0,0.0,90.6
714,L01,0.0,0.0,31.1
1475,G02,12.9,20.3,11.1
1488,G03,56.400000000000006,15.9,172.8
